<?xml version="1.0" encoding="UTF-8"?>
<project-private xmlns="http://www.netbeans.org/ns/project-private/1">
    <editor-bookmarks xmlns="http://www.netbeans.org/ns/editor-bookmarks/2" lastBookmarkId="0"/>
    <open-files xmlns="http://www.netbeans.org/ns/projectui-open-files/2">
        <group>
            <file>file:/C:/Users/Neticius/Documents/NetBeansProjects/SeatReservation/src/MovieGUI/MovieBookingGUI.java</file>
            <file>file:/C:/Users/Neticius/Documents/NetBeansProjects/SeatReservation/src/seatreservation/ChildReservation.java</file>
            <file>file:/C:/Users/Neticius/Documents/NetBeansProjects/SeatReservation/src/Time/Time.java</file>
            <file>file:/C:/Users/Neticius/Documents/NetBeansProjects/SeatReservation/src/seatreservation/SeatReservation.java</file>
            <file>file:/C:/Users/Neticius/Documents/NetBeansProjects/SeatReservation/src/seatreservation/MovieSession.java</file>
        </group>
    </open-files>
</project-private>
